{"Catagory":"kg_to_gm","Unit":"2","Result":2000}
{"Catagory":"inch_to_feet","Unit":"2","Result":0.1666666}
{"Catagory":"feet_to_inch","Unit":"2","Result":24}
{"Catagory":"inch_to_feet","Unit":"2","Result":0.1666666}
{"Catagory":"kg_to_gm","Unit":"1000000","Result":1000000000}
{"Catagory":"feet_to_inch","Unit":"2000","Result":24000}
{"Catagory":"inch_to_feet","Unit":"5","Result":0.4166665}
{"Catagory":"gm_to_kg","Unit":"5000","Result":5}
{"Catagory":"km_to_mile","Unit":"2","Result":1.242742}
{"Catagory":"mile_to_km","Unit":"5","Result":8.0467}
